Date,Name,Year,Letterboxd URI,Rating
2024-07-11,We Are Your Friends,2015,https://boxd.it/9AlG,5
2024-07-11,Real Steel,2011,https://boxd.it/147m,5
2024-07-13,Sucker Punch,2011,https://boxd.it/1yYg,2
2024-07-18,Insidious,2010,https://boxd.it/H4k,5
2024-07-18,Insidious: Chapter 2,2013,https://boxd.it/3dqc,5
2024-07-18,Blood Red Sky,2021,https://boxd.it/sArW,5
2024-07-18,Hugo,2011,https://boxd.it/R08,5
2024-07-18,Manchester by the Sea,2016,https://boxd.it/b2L0,5
2024-07-18,If I Stay,2014,https://boxd.it/7iM6,5
2024-07-18,Red Dog: True Blue,2016,https://boxd.it/ebHC,5
2024-07-18,Boychoir,2014,https://boxd.it/8SUC,5
2024-07-18,Where the Wild Things Are,2009,https://boxd.it/1K0C,5
2024-07-18,The Iron Giant,1999,https://boxd.it/1Wow,5
2024-07-18,Bridge to Terabithia,2007,https://boxd.it/28YG,5
"2024-07-18,""The Chronicles of Narnia: The Lion, the Witch and the Wardrobe"",2005,https://boxd.it/2ark,5"
2024-07-18,The Death & Life of John F. Donovan,2018,https://boxd.it/99Iy,5
2024-07-18,A Monster Calls,2016,https://boxd.it/7DjE,5
2024-07-18,Let's Be Cops,2014,https://boxd.it/5Qvu,4.5
2024-07-18,The Maze Runner,2014,https://boxd.it/5YPM,5
2024-07-18,Maze Runner: The Scorch Trials,2015,https://boxd.it/9hwA,4
2024-07-18,Maze Runner: The Death Cure,2018,https://boxd.it/bakw,4.5
2024-07-18,The Flight Before Christmas,2008,https://boxd.it/1vdm,5
2024-07-18,E.T. the Extra-Terrestrial,1982,https://boxd.it/2a1G,5
2024-07-18,Free Willy,1993,https://boxd.it/28qO,5
2024-07-18,Free Willy 3: The Rescue,1997,https://boxd.it/1GNK,2
2024-07-18,The Sixth Sense,1999,https://boxd.it/29Js,5
2024-07-21,Free Willy 2: The Adventure Home,1995,https://boxd.it/1Zeu,4.5
2024-07-24,Stand by Me,1986,https://boxd.it/2aOe,5
2024-07-24,Pan,2015,https://boxd.it/7XYi,5
2024-07-25,Blade Runner 2049,2017,https://boxd.it/b8wK,5
2024-07-25,Nightcrawler,2014,https://boxd.it/780m,5
2024-07-25,Brightburn,2019,https://boxd.it/jk58,4
2024-07-31,The Polar Express,2004,https://boxd.it/23am,5
2024-08-02,Guy Ritchie's The Covenant,2023,https://boxd.it/xjcK,4
2024-09-24,The Chorus,2004,https://boxd.it/22X8,5
2024-09-27,Hereditary,2018,https://boxd.it/hNVe,2.5
2024-11-24,The Beekeeper,2024,https://boxd.it/wJzS,3.5
2024-11-24,Wrath of Man,2021,https://boxd.it/nEia,3.5
2024-11-25,Bad Boys: Ride or Die,2024,https://boxd.it/l3Ki,3
2024-11-25,Bad Boys for Life,2020,https://boxd.it/15pc,2.5
2024-11-26,Venom,2018,https://boxd.it/b8wA,3.5
2024-11-26,Venom: Let There Be Carnage,2021,https://boxd.it/llco,2.5
2024-11-27,The Great Gatsby,2013,https://boxd.it/JY,4
2024-12-03,Piece By Piece,2024,https://boxd.it/KYFO,3.5
2024-12-03,Interstellar,2014,https://boxd.it/4VZ8,4.5
2024-12-03,Oppenheimer,2023,https://boxd.it/wUow,4
2024-12-03,Whiplash,2014,https://boxd.it/7bQA,5
2024-12-03,Spider-Man: Into the Spider-Verse,2018,https://boxd.it/azpY,4.5
2024-12-03,Spider-Man: Across the Spider-Verse,2023,https://boxd.it/kSz4,4.5
2024-12-03,The Wolf of Wall Street,2013,https://boxd.it/3C1m,2.5
2024-12-03,Baby Driver,2017,https://boxd.it/bhF2,3
2024-12-03,Deadpool & Wolverine,2024,https://boxd.it/jq8s,3
2024-12-03,Creed,2015,https://boxd.it/a2qk,3.5
2024-12-03,Creed III,2023,https://boxd.it/pf68,4
2024-12-03,Dune,2021,https://boxd.it/fA7G,4.5
2024-12-03,Dune: Part Two,2024,https://boxd.it/pUfA,4.5
2024-12-10,Under the Bed,2012,https://boxd.it/4cfO,4
2024-12-10,Venom: The Last Dance,2024,https://boxd.it/ynqo,3.5
2024-12-10,Labor Day,2013,https://boxd.it/4f90,2
2024-12-21,The Gentlemen,2019,https://boxd.it/iYBQ,3
2024-12-21,Pay It Forward,2000,https://boxd.it/1VJI,5
2024-12-22,La La Land,2016,https://boxd.it/a5fa,4.5
2024-12-24,12 Strong,2018,https://boxd.it/fdnc,4
2024-12-24,Close,2022,https://boxd.it/y4qa,4
2024-12-24,Sicario,2015,https://boxd.it/8i7u,4
2024-12-24,Sicario: Day of the Soldado,2018,https://boxd.it/e4fG,3.5
2024-12-24,Spirited,2022,https://boxd.it/nshk,4
2024-12-24,Sully,2016,https://boxd.it/cD8Q,4
2024-12-24,The Secret Life of Walter Mitty,2013,https://boxd.it/3SWy,4.5
2024-12-24,Sinister,2012,https://boxd.it/2TnW,4.5
2024-12-24,Sinister 2,2015,https://boxd.it/8L58,2.5
2024-12-24,Tomorrowland,2015,https://boxd.it/4YaC,4
2024-12-24,Treasure Planet,2002,https://boxd.it/1Znm,4
2024-12-24,The Thinning: New World Order,2018,https://boxd.it/hUAM,3
2024-12-24,Zodiac,2007,https://boxd.it/27MO,4.5
2024-12-24,Inglourious Basterds,2009,https://boxd.it/1JzG,1.5
2024-12-27,It's a Wonderful Life,1946,https://boxd.it/28xA,4
2025-01-17,This Special Friendship,1964,https://boxd.it/qBG,4
2025-01-17,Young Hearts,2024,https://boxd.it/KOOm,4
2025-01-17,Insidious: Chapter 3,2015,https://boxd.it/8BkM,3
2025-01-17,Insidious: The Last Key,2018,https://boxd.it/ej2C,4
2025-01-17,The Batman,2022,https://boxd.it/eDGs,5
2025-01-17,Avengers: Infinity War,2018,https://boxd.it/9vEe,4
2025-01-17,Avengers: Endgame,2019,https://boxd.it/9vE4,3.5
2025-01-17,Avengers: Age of Ultron,2015,https://boxd.it/3qi6,4.5
2025-01-17,The Avengers,2012,https://boxd.it/1xFW,3
2025-01-17,Iron Man,2008,https://boxd.it/28dA,3.5
2025-01-17,Iron Man 2,2010,https://boxd.it/1WZM,2.5
2025-01-17,Iron Man 3,2013,https://boxd.it/2cBQ,3.5
2025-01-17,Ant-Man,2015,https://boxd.it/3vmW,3.5
2025-01-17,Ant-Man and the Wasp,2018,https://boxd.it/cqUW,4
2025-01-17,Aquaman,2018,https://boxd.it/9ru0,3.5
2025-01-17,Alita: Battle Angel,2019,https://boxd.it/e0rS,4
2025-01-17,Artemis Fowl,2020,https://boxd.it/h3Vs,3.5
2025-01-17,A Savannah Haunting,2022,https://boxd.it/wd10,2.5
2025-01-17,Black Panther,2018,https://boxd.it/8MHs,4.5
2025-01-17,Black Panther: Wakanda Forever,2022,https://boxd.it/igPu,3
2025-01-17,Big Hero 6,2014,https://boxd.it/5rje,4
2025-01-17,Bumblebee,2018,https://boxd.it/f21O,2
2025-01-17,Black Widow,2021,https://boxd.it/hWV8,3
2025-01-17,The Boy,2016,https://boxd.it/apZi,4.5
2025-01-17,The Boy in the Striped Pyjamas,2008,https://boxd.it/1NOK,4
"2025-01-17,""The Boy, the Mole, the Fox and the Horse"",2022,https://boxd.it/BBT6,5"
2025-01-17,Brahms: The Boy II,2020,https://boxd.it/klag,4.5
2025-01-17,Burnt,2015,https://boxd.it/9mVg,3.5
2025-01-17,Batman and Superman: Battle of the Super Sons,2022,https://boxd.it/xsDU,3
2025-01-17,Captain America: Civil War,2016,https://boxd.it/89Ja,4
2025-01-17,Captain America: The Winter Soldier,2014,https://boxd.it/3r58,2.5
2025-01-17,Captain America: The First Avenger,2011,https://boxd.it/28b0,3.5
2025-01-17,Captain Marvel,2019,https://boxd.it/9vSA,2.5
2025-01-17,Cruella,2021,https://boxd.it/bbKg,3.5
2025-01-17,Creed II,2018,https://boxd.it/hgl8,4.5
2025-01-17,Deadpool,2016,https://boxd.it/9fOC,4
2025-01-17,Deadpool 2,2018,https://boxd.it/dlLM,3
2025-01-17,Doctor Strange,2016,https://boxd.it/8MH8,4
2025-01-17,Doctor Strange in the Multiverse of Madness,2022,https://boxd.it/gaTc,2
2025-01-17,Den of Thieves,2018,https://boxd.it/g17e,3.5
2025-01-17,Army of Thieves,2021,https://boxd.it/tYai,3
2025-01-17,Extraction,2020,https://boxd.it/jUjA,4
2025-01-17,Extraction 2,2023,https://boxd.it/q4Zo,2.5
2025-01-17,Fantastic Beasts and Where to Find Them,2016,https://boxd.it/7FPC,4
2025-01-17,Fantastic Beasts: The Crimes of Grindelwald,2018,https://boxd.it/bg8G,3.5
2025-01-17,Fantastic Beasts: The Secrets of Dumbledore,2022,https://boxd.it/bg8Q,2.5
2025-01-17,Army of the Dead,2021,https://boxd.it/ic7S,2
2025-01-17,Fast & Furious,2009,https://boxd.it/1Pnm,4
2025-01-17,The Fast and the Furious,2001,https://boxd.it/1XMu,4
2025-01-17,Fast & Furious 6,2013,https://boxd.it/2UG6,3
2025-01-17,Fast & Furious Presents: Hobbs & Shaw,2019,https://boxd.it/dnDA,3.5
2025-01-17,2 Fast 2 Furious,2003,https://boxd.it/2a4g,4
2025-01-17,Fast Five,2011,https://boxd.it/BgO,4.5
2025-01-17,Furious 7,2015,https://boxd.it/5cVs,2.5
2025-01-17,F9,2021,https://boxd.it/dqsU,1
2025-01-17,The Fate of the Furious,2017,https://boxd.it/bbCw,2
2025-01-17,Fury,2014,https://boxd.it/6JwC,5
2025-01-17,Ford v Ferrari,2019,https://boxd.it/ce74,4.5
2025-01-17,Four Kids and It,2020,https://boxd.it/kjk4,2.5
2025-01-17,Guardians of the Galaxy Vol. 2,2017,https://boxd.it/8MxC,3
2025-01-17,Guardians of the Galaxy,2014,https://boxd.it/3VH2,4
2025-01-17,Greenland,2020,https://boxd.it/j1Um,4
2025-01-17,Godzilla: King of the Monsters,2019,https://boxd.it/cY7Y,3.5
2025-01-17,Grown Ups,2010,https://boxd.it/169a,4
2025-01-17,Grown Ups 2,2013,https://boxd.it/3GAq,4.5
2025-01-17,Green Book,2018,https://boxd.it/hErk,4.5
2025-01-17,Good Boys,2019,https://boxd.it/iW1G,3
2025-01-17,How to Train Your Dragon,2010,https://boxd.it/1WRy,5
2025-01-17,How to Train Your Dragon 2,2014,https://boxd.it/2TRW,4.5
2025-01-17,How to Train Your Dragon: The Hidden World,2019,https://boxd.it/5a9w,4.5
2025-01-17,Harry Potter and the Prisoner of Azkaban,2004,https://boxd.it/29Qy,3.5
2025-01-17,Harry Potter and the Philosopher's Stone,2001,https://boxd.it/29QS,4
2025-01-17,Harry Potter and the Goblet of Fire,2005,https://boxd.it/29Qo,3.5
2025-01-17,Harry Potter and the Chamber of Secrets,2002,https://boxd.it/29QI,4
2025-01-17,Harry Potter and the Deathly Hallows: Part 2,2011,https://boxd.it/1RYk,3
2025-01-17,Harry Potter and the Order of the Phoenix,2007,https://boxd.it/29Qe,3
2025-01-17,Harry Potter and the Half-Blood Prince,2009,https://boxd.it/29FU,4
2025-01-17,Harry Potter and the Deathly Hallows: Part 1,2010,https://boxd.it/1RYu,3
2025-01-17,Home Alone,1990,https://boxd.it/29Fg,4.5
2025-01-17,Home Alone 3,1997,https://boxd.it/1XZ4,4.5
2025-01-17,Home Alone 2: Lost in New York,1992,https://boxd.it/29F6,4
2025-01-17,Home Alone 4,2002,https://boxd.it/1RLA,2.5
2025-01-17,Home Alone: The Holiday Heist,2012,https://boxd.it/4loU,1
2025-01-17,Hondo,1953,https://boxd.it/21yG,3
2025-01-17,Infinite,2021,https://boxd.it/lnRe,3
2025-01-17,Inception,2010,https://boxd.it/1skk,5
2025-01-17,Jumanji,1995,https://boxd.it/1ZLI,4
2025-01-17,Jumanji: Welcome to the Jungle,2017,https://boxd.it/bUeE,2
2025-01-17,Jumanji: The Next Level,2019,https://boxd.it/ixu4,1.5
2025-01-17,Zathura: A Space Adventure,2005,https://boxd.it/21mq,4.5
2025-01-17,Joker,2019,https://boxd.it/h4cS,4
2025-01-17,Jurassic Park,1993,https://boxd.it/2aA2,3.5
2025-01-17,The Lost World: Jurassic Park,1997,https://boxd.it/2azS,2.5
2025-01-17,Jurassic Park III,2001,https://boxd.it/2azI,4.5
2025-01-17,Jurassic World,2015,https://boxd.it/4n0g,3.5
2025-01-17,Jurassic World: Fallen Kingdom,2018,https://boxd.it/bOnU,2.5
2025-01-17,Jurassic World Dominion,2022,https://boxd.it/ikXW,2
2025-01-17,Jojo Rabbit,2019,https://boxd.it/iEBG,4
2025-01-17,The Jack in the Box,2019,https://boxd.it/n2ce,3
2025-01-17,Just Go with It,2011,https://boxd.it/Doq,4.5
2025-01-17,Justice League vs. Teen Titans,2016,https://boxd.it/dc8w,2.5
2025-01-17,Knowing,2009,https://boxd.it/1Pmy,2.5
2025-01-17,Kingsman: The Secret Service,2014,https://boxd.it/6dxe,4
2025-01-17,Kingsman: The Golden Circle,2017,https://boxd.it/buJm,3.5
2025-01-17,Knives Out,2019,https://boxd.it/jWEA,4.5
2025-01-17,Kubo and the Two Strings,2016,https://boxd.it/a4wE,4.5
2025-01-17,Lou,2022,https://boxd.it/fdFK,3.5
2025-01-17,Lights Out,2016,https://boxd.it/bAHc,4.5
2025-01-17,Moana,2016,https://boxd.it/8tfY,4
2025-01-17,Mary Poppins,1964,https://boxd.it/2aoA,4
2025-01-17,Naked,2017,https://boxd.it/fmDe,3
2025-01-17,Neighbors,2014,https://boxd.it/5Txe,3.5
2025-01-17,Neighbors 2: Sorority Rising,2016,https://boxd.it/aA80,3.5
2025-01-17,New Gods: Nezha Reborn,2021,https://boxd.it/oHdE,3.5
2025-01-17,Outside the Wire,2021,https://boxd.it/taq6,3
2025-01-17,Pirates of the Caribbean: The Curse of the Black Pearl,2003,https://boxd.it/70G,4.5
2025-01-17,Pirates of the Caribbean: Dead Man's Chest,2006,https://boxd.it/2bfk,4.5
2025-01-17,Pirates of the Caribbean: At World's End,2007,https://boxd.it/2aGu,4
2025-01-17,Pirates of the Caribbean: On Stranger Tides,2011,https://boxd.it/27Z4,4
2025-01-17,Pirates of the Caribbean: Dead Men Tell No Tales,2017,https://boxd.it/5a9m,4.5
2025-01-17,Pacific Rim,2013,https://boxd.it/2cB2,5
2025-01-17,Pacific Rim: Uprising,2018,https://boxd.it/83Qa,3
2025-01-17,Prisoners,2013,https://boxd.it/4E5i,5
2025-01-17,Puss in Boots: The Last Wish,2022,https://boxd.it/aaie,4
2025-01-17,Rampage,2018,https://boxd.it/f9a4,2
2025-01-17,Ready Player One,2018,https://boxd.it/aZes,3.5
2025-01-17,Spider-Man,2002,https://boxd.it/2a8i,4
2025-01-17,Spider-Man 2,2004,https://boxd.it/2a88,3.5
2025-01-17,Spider-Man 3,2007,https://boxd.it/2a7Y,3.5
2025-01-17,Spider-Man: No Way Home,2021,https://boxd.it/nwRw,2
2025-01-17,Spider-Man: Homecoming,2017,https://boxd.it/aboM,3.5
2025-01-17,Spider-Man: Far From Home,2019,https://boxd.it/fegG,3.5
2025-01-17,The Amazing Spider-Man,2012,https://boxd.it/27PI,3.5
2025-01-17,The Amazing Spider-Man 2,2014,https://boxd.it/3utM,3
2025-01-17,The Suicide Squad,2021,https://boxd.it/fw6O,2
2025-01-17,Suicide Squad,2016,https://boxd.it/9row,3.5
2025-01-17,Saw II,2005,https://boxd.it/2aRs,3.5
2025-01-17,Saw,2004,https://boxd.it/2aWW,3.5
2025-01-17,Saw III,2006,https://boxd.it/2aRC,3.5
2025-01-17,Saw IV,2007,https://boxd.it/29Sa,3.5
2025-01-17,Saw V,2008,https://boxd.it/1SMa,3
2025-01-17,Saw VI,2009,https://boxd.it/1A2y,3.5
2025-01-17,Saw 3D,2010,https://boxd.it/Znk,3
2025-01-17,Se7en,1995,https://boxd.it/29zs,4
2025-01-17,Red Notice,2021,https://boxd.it/ixtq,3.5
2025-01-17,Secret Headquarters,2022,https://boxd.it/tLcq,2
2025-01-17,Christmas & Co.,2017,https://boxd.it/g6as,4
2025-01-17,Obi-Wan Kenobi,2022,https://boxd.it/yLBA,3.5
2025-01-17,Star Wars: Episode III – Revenge of the Sith,2005,https://boxd.it/27US,3.5
2025-01-17,Star Wars: Episode I – The Phantom Menace,1999,https://boxd.it/27Vc,4
2025-01-17,Star Wars: Episode II – Attack of the Clones,2002,https://boxd.it/27V2,3.5
2025-01-17,Rogue One: A Star Wars Story,2016,https://boxd.it/aPvy,4.5
2025-01-17,Thor,2011,https://boxd.it/1WQU,2.5
2025-01-17,Thor: Ragnarok,2017,https://boxd.it/8MHi,3.5
2025-01-17,Thor: The Dark World,2013,https://boxd.it/2DqA,3
2025-01-17,Tomb Raider,2018,https://boxd.it/bgbA,2.5
2025-01-17,Divergent,2014,https://boxd.it/4VT0,4
2025-01-17,Insurgent,2015,https://boxd.it/7NNa,3.5
2025-01-17,Allegiant,2016,https://boxd.it/7NNE,4
2025-01-17,The Hunger Games,2012,https://boxd.it/2uds,4.5
2025-01-17,The Hunger Games: The Ballad of Songbirds & Snakes,2023,https://boxd.it/pZCY,4
2025-01-17,The Hunger Games: Catching Fire,2013,https://boxd.it/3sAw,4
2025-01-17,The Hunger Games: Mockingjay – Part 1,2014,https://boxd.it/4hka,3.5
2025-01-17,The Hunger Games: Mockingjay – Part 2,2015,https://boxd.it/4hk0,3.5
2025-01-17,Transformers,2007,https://boxd.it/280c,4.5
2025-01-17,Transformers: Revenge of the Fallen,2009,https://boxd.it/20gG,3.5
2025-01-17,Transformers: Dark of the Moon,2011,https://boxd.it/16aC,4
2025-01-17,Transformers: Age of Extinction,2014,https://boxd.it/3d1m,4.5
2025-01-17,Transformers: The Last Knight,2017,https://boxd.it/b8xo,3.5
2025-01-17,The Equalizer,2014,https://boxd.it/4TUK,4
2025-01-17,The Equalizer 2,2018,https://boxd.it/bAEW,3
2025-01-17,The War with Grandpa,2020,https://boxd.it/f2jy,3.5
2025-01-17,The Guest,2014,https://boxd.it/76RS,3.5
2025-01-17,Top Gun: Maverick,2022,https://boxd.it/cjr4,5
2025-01-17,The Greatest Showman,2017,https://boxd.it/acjI,5
2025-01-17,The Social Network,2010,https://boxd.it/17ue,4.5
2025-01-17,Teen Wolf: The Movie,2023,https://boxd.it/x7gA,2
2025-01-17,The Black Phone,2021,https://boxd.it/sqFE,5
2025-01-17,The Art of Racing in the Rain,2019,https://boxd.it/iYWk,3.5
2025-01-17,Tetris,2023,https://boxd.it/rePK,3.5
2025-01-17,The Menu,2022,https://boxd.it/lScm,4
2025-01-17,The Babysitter,2017,https://boxd.it/eP1w,4
2025-01-17,The Babysitter: Killer Queen,2020,https://boxd.it/n4VA,3.5
2025-01-17,The Thinning,2016,https://boxd.it/eOK6,3
2025-01-17,Why Him?,2016,https://boxd.it/c3Wq,2.5
2025-01-17,21 Bridges,2019,https://boxd.it/juea,5
